URL Antiga,Nova URL Sugerida,Tipo de Redirecionamento (301)
https://begbrasil.com.br/contato-beg-brasil.html,/contato/,301
https://begbrasil.com.br/index.html,/,301
https://begbrasil.com.br/placas_beg_brasil.html,/produtos/placas-de-sinalizacao/,301
https://begbrasil.com.br/etiquetas-beg-brasil.html,/produtos/etiquetas-metalicas/,301
https://begbrasil.com.br/pe-r-beg-brasil.html,/produtos/placas-de-sinalizacao/,301
https://begbrasil.com.br/pe-beg-brasil.html,/produtos/placas-de-sinalizacao/,301
https://begbrasil.com.br/pc-beg-brasil.html,/produtos/placas-de-sinalizacao/,301
https://begbrasil.com.br/pm-beg-brasil.html,/produtos/placas-para-maquinas/,301
https://begbrasil.com.br/pmi-beg-brasil.html,/produtos/placas-para-maquinas/,301
https://begbrasil.com.br/pp-beg-brasil.html,/produtos/placas-de-sinalizacao/,301
https://begbrasil.com.br/ps-beg-brasil.html,/produtos/placas-de-sinalizacao/,301
https://begbrasil.com.br/a-beg.html,/sobre/,301
https://begbrasil.com.br/termos.html,/termos-de-uso/,301
https://begbrasil.com.br/comprar-beg-brasil.html,/produtos/placas-de-sinalizacao/,301
https://begbrasil.com.br/desenho-beg-brasil.html,/produtos/placas-de-sinalizacao/,301
https://begbrasil.com.br/prazo-beg-brasil.html,/produtos/placas-de-sinalizacao/,301
https://begbrasil.com.br/envio-beg-brasil.html,/produtos/placas-de-sinalizacao/,301
https://begbrasil.com.br/cuidado-beg-brasil.html,/produtos/placas-de-sinalizacao/,301
https://begbrasil.com.br/insta-beg-brasil.html,/sobre/,301
https://begbrasil.com.br/sustentabilidade-beg-brasil.html,/produtos/placas-de-sinalizacao/,301
https://begbrasil.com.br/mascote-beg-brasil.html,/produtos/placas-de-sinalizacao/,301
https://begbrasil.com.br/nardinint650.html,/produtos/placas-para-maquinas/,301
https://begbrasil.com.br/adesivo-beg-brasil.html,/produtos/placas-de-sinalizacao/,301
https://begbrasil.com.br/mini.html,/produtos/placas-de-sinalizacao/,301
https://begbrasil.com.br/placa-beg-brasil.html,/sobre/,301
https://begbrasil.com.br/etiquetas-de-patrimonio.html,/produtos/etiquetas-de-patrimonio/,301
https://begbrasil.com.br/nardini-1.html,/produtos/placas-para-maquinas/,301
https://begbrasil.com.br/nardini-2.html,/produtos/placas-para-maquinas/,301
https://begbrasil.com.br/nardini-3.html,/produtos/placas-para-maquinas/,301
https://begbrasil.com.br/nardini-4.html,/produtos/placas-para-maquinas/,301
https://begbrasil.com.br/placa-de-posicoes.html,/produtos/placas-de-sinalizacao/,301
https://begbrasil.com.br/77C326.html,/produtos/placas-de-sinalizacao/,301
https://begbrasil.com.br/77CR237A.html,/produtos/placas-de-sinalizacao/,301
https://begbrasil.com.br/175-1-73.html,/produtos/placas-de-sinalizacao/,301
https://begbrasil.com.br/ms-350.html,/produtos/placas-de-sinalizacao/,301
https://begbrasil.com.br/ms410.html,/produtos/placas-de-sinalizacao/,301
https://begbrasil.com.br/inspecao.html,/produtos/placas-de-sinalizacao/,301
https://begbrasil.com.br/emi-beg-brasil.html,/produtos/placas-de-sinalizacao/,301
https://begbrasil.com.br/seguranca-beg-brasil.html,/sobre/,301
https://begbrasil.com.br/pagamento-beg-brasil.html,/produtos/placas-de-sinalizacao/,301
https://begbrasil.com.br/acrilico-beg-brasil.html,/produtos/adesivos-em-acrilico/,301
https://begbrasil.com.br/privacidade.html,/politica-de-privacidade/,301
https://begbrasil.com.br/catalogo_beg_brasil.html,/produtos/placas-de-sinalizacao/,301
https://begbrasil.com.br/pi-beg-brasil.html,/produtos/placas-de-sinalizacao/,301
https://begbrasil.com.br/pnar-beg-brasil.html,/produtos/placas-de-sinalizacao/,301
https://begbrasil.com.br/psi-beg-brasil.html,/produtos/placas-de-sinalizacao/,301
https://begbrasil.com.br/etiqueta_de_patrimonio_beg_brasil.html,/produtos/etiquetas-de-patrimonio/,301
https://begbrasil.com.br/seguranca_beg_brasil.html,/produtos/placas-de-sinalizacao/,301
https://begbrasil.com.br/tabela_de_cabecote_beg_brasil.html,/produtos/placas-para-maquinas/,301
https://begbrasil.com.br/inspecao-veicular.html,/produtos/placas-de-sinalizacao/,301
https://begbrasil.com.br/catalogo-beg-brasil.html,/produtos/placas-de-sinalizacao/,301
https://begbrasil.com.br/pm-beg-brasil.html.html,/produtos/placas-para-maquinas/,301
https://begbrasil.com.br/seg.html,/produtos/placas-de-sinalizacao/,301
https://begbrasil.com.br/normas.html,/termos-de-uso/,301
https://begbrasil.com.br/ea-beg-brasil.html,/sobre/,301
https://begbrasil.com.br/em-beg-brasil.html,/produtos/placas-de-sinalizacao/,301
https://begbrasil.com.br/r-beg-brasil.html,/produtos/placas-de-sinalizacao/,301
https://begbrasil.com.br/suporte-beg-brasil.html,/produtos/placas-de-sinalizacao/,301
https://begbrasil.com.br/local.html,/produtos/placas-de-sinalizacao/,301
