URL atual,tipo,título,status,manter,reescrever,remover,nova URL,redirecionamento,observações
https://begbrasil.com.br/,institucional,"BEG BRASIL Etiquetas Metalicas - Etiquetas de Patrimônio ,",200,sim,,,,,
https://begbrasil.com.br/contato-beg-brasil.html,contato,"BEG BRASIL Etiquetas Metalicas - Etiquetas de Patrimônio ,",200,sim,sim,,,,Migrar para nova arquitetura
https://begbrasil.com.br/index.html,institucional,"BEG BRASIL Etiquetas Metalicas - Etiquetas de Patrimônio ,",200,sim,sim,,,,Migrar para nova arquitetura
https://begbrasil.com.br/placas_beg_brasil.html,produto,"BEG BRASIL Etiquetas Metalicas - Etiquetas de Patrimônio ,",200,sim,sim,,,,Migrar para nova arquitetura
https://begbrasil.com.br/etiquetas-beg-brasil.html,produto,"BEG BRASIL Etiquetas Metalicas - Etiquetas de Patrimônio ,",200,sim,sim,,,,Migrar para nova arquitetura
https://begbrasil.com.br/pe-r-beg-brasil.html,produto,"BEG BRASIL Etiquetas Metalicas - Etiquetas de Patrimônio ,",200,sim,sim,,,,Migrar para nova arquitetura
https://begbrasil.com.br/pe-beg-brasil.html,produto,"BEG BRASIL Etiquetas Metalicas - Etiquetas de Patrimônio ,",200,sim,sim,,,,Migrar para nova arquitetura
https://begbrasil.com.br/pc-beg-brasil.html,produto,"BEG BRASIL Etiquetas Metalicas - Etiquetas de Patrimônio ,",200,sim,sim,,,,Migrar para nova arquitetura
https://begbrasil.com.br/pm-beg-brasil.html,produto,"BEG BRASIL Etiquetas Metalicas - Etiquetas de Patrimônio ,",200,sim,sim,,,,Migrar para nova arquitetura
https://begbrasil.com.br/pmi-beg-brasil.html,produto,"BEG BRASIL Etiquetas Metalicas - Etiquetas de Patrimônio ,",200,sim,sim,,,,Migrar para nova arquitetura
https://begbrasil.com.br/pp-beg-brasil.html,produto,"BEG BRASIL Etiquetas Metalicas - Etiquetas de Patrimônio ,",200,sim,sim,,,,Migrar para nova arquitetura
https://begbrasil.com.br/ps-beg-brasil.html,produto,"BEG BRASIL Etiquetas Metalicas - Etiquetas de Patrimônio ,",200,sim,sim,,,,Migrar para nova arquitetura
https://begbrasil.com.br/a-beg.html,institucional,"BEG BRASIL Etiquetas Metalicas - Etiquetas de Patrimônio ,",200,sim,sim,,,,Migrar para nova arquitetura
https://begbrasil.com.br/termos.html,politicas,"BEG BRASIL Etiquetas Metalicas - Etiquetas de Patrimônio ,",200,sim,sim,,,,Migrar para nova arquitetura
https://begbrasil.com.br/comprar-beg-brasil.html,produto,"BEG BRASIL Etiquetas Metalicas - Etiquetas de Patrimônio ,",200,sim,sim,,,,Migrar para nova arquitetura
https://begbrasil.com.br/desenho-beg-brasil.html,produto,"BEG BRASIL Etiquetas Metalicas - Etiquetas de Patrimônio ,",200,sim,sim,,,,Migrar para nova arquitetura
https://begbrasil.com.br/prazo-beg-brasil.html,politicas,"BEG BRASIL Etiquetas Metalicas - Etiquetas de Patrimônio ,",200,sim,sim,,,,Migrar para nova arquitetura
https://begbrasil.com.br/envio-beg-brasil.html,politicas,"BEG BRASIL Etiquetas Metalicas - Etiquetas de Patrimônio ,",200,sim,sim,,,,Migrar para nova arquitetura
https://begbrasil.com.br/cuidado-beg-brasil.html,politicas,"BEG BRASIL Etiquetas Metalicas - Etiquetas de Patrimônio ,",200,sim,sim,,,,Migrar para nova arquitetura
https://begbrasil.com.br/insta-beg-brasil.html,institucional,"BEG BRASIL Etiquetas Metalicas - Etiquetas de Patrimônio ,",200,sim,sim,,,,Migrar para nova arquitetura
https://begbrasil.com.br/sustentabilidade-beg-brasil.html,produto,"BEG BRASIL Etiquetas Metalicas - Etiquetas de Patrimônio ,",200,sim,sim,,,,Migrar para nova arquitetura
,erro,,404,,,sim,,,
,erro,,404,,,sim,,,
,erro,,404,,,sim,,,
,erro,,404,,,sim,,,
,erro,,404,,,sim,,,
,erro,,404,,,sim,,,
,erro,,404,,,sim,,,
,erro,,404,,,sim,,,
,erro,,404,,,sim,,,
,erro,,404,,,sim,,,
,erro,,404,,,sim,,,
,erro,,404,,,sim,,,
,erro,,404,,,sim,,,
,erro,,404,,,sim,,,
,erro,,404,,,sim,,,
,erro,,404,,,sim,,,
,erro,,404,,,sim,,,
,erro,,404,,,sim,,,
,erro,,404,,,sim,,,
,erro,,404,,,sim,,,
,erro,,404,,,sim,,,
,erro,,404,,,sim,,,
https://begbrasil.com.br/catalogo_beg_brasil.html,página antiga .html,"BEG BRASIL Etiquetas Metalicas - Etiquetas de Patrimônio ,",200,sim,sim,,,,Migrar para nova arquitetura
,erro,,404,,,sim,,,
,erro,,404,,,sim,,,
,erro,,404,,,sim,,,
,erro,,404,,,sim,,,
,erro,,404,,,sim,,,
,erro,,404,,,sim,,,
,erro,,404,,,sim,,,
,erro,,404,,,sim,,,
,erro,,404,,,sim,,,
,erro,,404,,,sim,,,
https://begbrasil.com.br/normas.html,politicas,"BEG BRASIL Etiquetas Metalicas - Etiquetas de Patrimônio ,",200,sim,sim,,,,Migrar para nova arquitetura
,erro,,404,,,sim,,,
,erro,,404,,,sim,,,
,erro,,404,,,sim,,,
,erro,,404,,,sim,,,
,erro,,404,,,sim,,,
https://begbrasil.com.br/produtos/,página,Produtos – Beg Brasil,200,sim,,,,,
https://begbrasil.com.br/sobre-nos/,institucional,Sobre nós – Beg Brasil,200,sim,,,,,
https://begbrasil.com.br/contatos/,contato,Contatos – Beg Brasil,200,sim,,,,,
https://begbrasil.com.br/blog/,artigos,Blog – Beg Brasil,200,sim,,,,,
