URL antiga,Nova URL sugerida
https://begbrasil.com.br/contato-beg-brasil.html,/produtos/contato-beg-brasil
https://begbrasil.com.br/index.html,/produtos/index
https://begbrasil.com.br/placas_beg_brasil.html,/produtos/placas_beg_brasil
https://begbrasil.com.br/etiquetas-beg-brasil.html,/produtos/etiquetas-beg-brasil
https://begbrasil.com.br/pe-r-beg-brasil.html,/produtos/pe-r-beg-brasil
https://begbrasil.com.br/pe-beg-brasil.html,/produtos/pe-beg-brasil
https://begbrasil.com.br/pc-beg-brasil.html,/produtos/pc-beg-brasil
https://begbrasil.com.br/pm-beg-brasil.html,/produtos/pm-beg-brasil
https://begbrasil.com.br/pmi-beg-brasil.html,/produtos/pmi-beg-brasil
https://begbrasil.com.br/pp-beg-brasil.html,/produtos/pp-beg-brasil
https://begbrasil.com.br/ps-beg-brasil.html,/produtos/ps-beg-brasil
https://begbrasil.com.br/a-beg.html,/produtos/a-beg
https://begbrasil.com.br/termos.html,/produtos/termos
https://begbrasil.com.br/comprar-beg-brasil.html,/produtos/comprar-beg-brasil
https://begbrasil.com.br/desenho-beg-brasil.html,/produtos/desenho-beg-brasil
https://begbrasil.com.br/prazo-beg-brasil.html,/produtos/prazo-beg-brasil
https://begbrasil.com.br/envio-beg-brasil.html,/produtos/envio-beg-brasil
https://begbrasil.com.br/cuidado-beg-brasil.html,/produtos/cuidado-beg-brasil
https://begbrasil.com.br/insta-beg-brasil.html,/produtos/insta-beg-brasil
https://begbrasil.com.br/sustentabilidade-beg-brasil.html,/produtos/sustentabilidade-beg-brasil
https://begbrasil.com.br/mascote-beg-brasil.html,/produtos/mascote-beg-brasil
https://begbrasil.com.br/nardinint650.html,/produtos/nardinint650
https://begbrasil.com.br/adesivo-beg-brasil.html,/produtos/adesivo-beg-brasil
https://begbrasil.com.br/mini.html,/produtos/mini
https://begbrasil.com.br/placa-beg-brasil.html,/produtos/placa-beg-brasil
https://begbrasil.com.br/etiquetas-de-patrimonio.html,/produtos/etiquetas-de-patrimonio
https://begbrasil.com.br/nardini-1.html,/produtos/nardini-1
https://begbrasil.com.br/nardini-2.html,/produtos/nardini-2
https://begbrasil.com.br/nardini-3.html,/produtos/nardini-3
https://begbrasil.com.br/nardini-4.html,/produtos/nardini-4
https://begbrasil.com.br/placa-de-posicoes.html,/produtos/placa-de-posicoes
https://begbrasil.com.br/77C326.html,/produtos/77C326
https://begbrasil.com.br/77CR237A.html,/produtos/77CR237A
https://begbrasil.com.br/175-1-73.html,/produtos/175-1-73
https://begbrasil.com.br/ms-350.html,/produtos/ms-350
https://begbrasil.com.br/ms410.html,/produtos/ms410
https://begbrasil.com.br/inspecao.html,/produtos/inspecao
https://begbrasil.com.br/emi-beg-brasil.html,/produtos/emi-beg-brasil
https://begbrasil.com.br/seguranca-beg-brasil.html,/produtos/seguranca-beg-brasil
https://begbrasil.com.br/pagamento-beg-brasil.html,/produtos/pagamento-beg-brasil
https://begbrasil.com.br/acrilico-beg-brasil.html,/produtos/acrilico-beg-brasil
https://begbrasil.com.br/privacidade.html,/produtos/privacidade
https://begbrasil.com.br/catalogo_beg_brasil.html,/produtos/catalogo_beg_brasil
https://begbrasil.com.br/pi-beg-brasil.html,/produtos/pi-beg-brasil
https://begbrasil.com.br/pnar-beg-brasil.html,/produtos/pnar-beg-brasil
https://begbrasil.com.br/psi-beg-brasil.html,/produtos/psi-beg-brasil
https://begbrasil.com.br/etiqueta_de_patrimonio_beg_brasil.html,/produtos/etiqueta_de_patrimonio_beg_brasil
https://begbrasil.com.br/seguranca_beg_brasil.html,/produtos/seguranca_beg_brasil
https://begbrasil.com.br/tabela_de_cabecote_beg_brasil.html,/produtos/tabela_de_cabecote_beg_brasil
https://begbrasil.com.br/inspecao-veicular.html,/produtos/inspecao-veicular
https://begbrasil.com.br/catalogo-beg-brasil.html,/produtos/catalogo-beg-brasil
https://begbrasil.com.br/pm-beg-brasil.html.html,/produtos/pm-beg-brasil.html
https://begbrasil.com.br/seg.html,/produtos/seg
https://begbrasil.com.br/normas.html,/produtos/normas
https://begbrasil.com.br/ea-beg-brasil.html,/produtos/ea-beg-brasil
https://begbrasil.com.br/em-beg-brasil.html,/produtos/em-beg-brasil
https://begbrasil.com.br/r-beg-brasil.html,/produtos/r-beg-brasil
https://begbrasil.com.br/suporte-beg-brasil.html,/produtos/suporte-beg-brasil
https://begbrasil.com.br/local.html,/produtos/local
